{"cameraMode":{"drawMode":0,"name":"Shaded","section":"Shading Mode"},"sceneLighting":true,"audioPlay":false,"sceneViewState":{"showFog":true,"showMaterialUpdate":false,"showSkybox":false,"showFlares":true,"showImageEffects":true,"showParticleSystems":true},"in2DMode":false,"pivot":{"x":-7.315629482269287,"y":0.8031396865844727,"z":4.6059112548828129},"rotation":{"x":-0.2596368193626404,"y":-0.03238636627793312,"z":0.00908458698540926,"w":-0.9651739001274109},"size":12.78823184967041,"orthographic":false}