{"cameraMode":{"drawMode":0,"name":"Shaded","section":"Shading Mode"},"sceneLighting":true,"audioPlay":false,"sceneViewState":{"showFog":true,"showMaterialUpdate":false,"showSkybox":false,"showFlares":true,"showImageEffects":true,"showParticleSystems":true},"in2DMode":false,"pivot":{"x":-4.763500690460205,"y":1.8499994277954102,"z":-10.045499801635743},"rotation":{"x":0.25410351157188418,"y":-0.6744171977043152,"z":0.2680390477180481,"w":0.639348566532135},"size":71.8109359741211,"orthographic":false}