{"cameraMode":{"drawMode":0,"name":"Shaded","section":"Shading Mode"},"sceneLighting":false,"audioPlay":false,"sceneViewState":{"showFog":true,"showMaterialUpdate":false,"showSkybox":false,"showFlares":true,"showImageEffects":true,"showParticleSystems":true},"in2DMode":false,"pivot":{"x":-4.119006156921387,"y":1.3102132081985474,"z":29.556713104248048},"rotation":{"x":0.2218559831380844,"y":0.6040070056915283,"z":-0.18010911345481873,"w":0.7440024614334106},"size":7.157240867614746,"orthographic":false}