{"cameraMode":{"drawMode":0,"name":"Shaded","section":"Shading Mode"},"sceneLighting":true,"audioPlay":false,"sceneViewState":{"showFog":true,"showMaterialUpdate":false,"showSkybox":false,"showFlares":true,"showImageEffects":true,"showParticleSystems":true},"in2DMode":false,"pivot":{"x":-2.1692662239074709,"y":0.579251766204834,"z":6.107919692993164},"rotation":{"x":0.07618417590856552,"y":0.756568968296051,"z":-0.6434144973754883,"w":0.09004715085029602},"size":12.78823184967041,"orthographic":false}