{"cameraMode":{"drawMode":0,"name":"Shaded","section":"Shading Mode"},"sceneLighting":false,"audioPlay":false,"sceneViewState":{"showFog":true,"showMaterialUpdate":false,"showSkybox":false,"showFlares":true,"showImageEffects":true,"showParticleSystems":true},"in2DMode":false,"pivot":{"x":0.17532718181610108,"y":3.391329526901245,"z":-1.5850262641906739},"rotation":{"x":0.08897285908460617,"y":0.7320274114608765,"z":-0.09863866865634918,"w":0.6683964133262634},"size":12.681968688964844,"orthographic":false}