{"cameraMode":{"drawMode":0,"name":"Shaded","section":"Shading Mode"},"sceneLighting":false,"audioPlay":false,"sceneViewState":{"showFog":true,"showMaterialUpdate":false,"showSkybox":false,"showFlares":true,"showImageEffects":true,"showParticleSystems":true},"in2DMode":false,"pivot":{"x":5.478551864624023,"y":0.7459999918937683,"z":-1.513589859008789},"rotation":{"x":0.13500307500362397,"y":0.6751421689987183,"z":-0.12767256796360017,"w":0.7139039635658264},"size":2.5006484985351564,"orthographic":false}